row_id,split
0,fit
1,test
2,validation
3,fit
4,fit
5,validation
6,fit
7,fit
8,fit
9,validation
10,fit
11,fit
12,fit
13,test
14,fit
15,test
16,fit
17,test
18,fit
19,fit
20,fit
21,fit
22,fit
23,fit
24,fit
25,fit
26,test
27,fit
28,fit
29,fit
30,fit
31,validation
32,fit
33,fit
34,fit
35,fit
36,validation
37,fit
38,fit
39,test
40,fit
41,fit
42,test
43,fit
44,fit
45,fit
46,fit
47,fit
48,test
49,validation
50,fit
51,fit
52,fit
53,fit
54,fit
55,fit
56,fit
57,fit
58,validation
59,fit
60,test
61,test
62,validation
63,fit
64,validation
65,fit
66,test
67,validation
68,fit
69,fit
70,fit
71,test
72,validation
73,fit
74,fit
75,fit
76,test
77,test
78,fit
79,test
80,validation
81,fit
82,fit
83,fit
84,validation
85,test
86,fit
87,test
88,fit
89,fit
90,test
91,fit
92,validation
93,validation
94,fit
95,fit
96,fit
97,test
98,fit
99,validation
100,fit
101,fit
102,fit
103,fit
104,fit
105,fit
106,fit
107,fit
108,fit
109,test
110,fit
111,fit
112,fit
113,validation
114,test
115,fit
116,fit
117,fit
118,fit
119,fit
120,fit
121,fit
122,test
123,validation
124,validation
125,fit
126,test
127,test
128,fit
129,validation
130,fit
131,fit
132,test
133,validation
134,validation
135,test
136,test
137,fit
138,fit
139,fit
140,fit
141,fit
142,fit
143,fit
144,test
145,fit
146,fit
147,fit
148,validation
149,test
150,fit
151,fit
152,fit
153,fit
154,fit
155,test
156,test
157,validation
158,validation
159,validation
160,fit
161,fit
162,fit
163,fit
164,fit
165,fit
166,test
167,test
168,fit
169,fit
170,fit
171,fit
172,fit
173,fit
174,fit
175,validation
176,fit
177,fit
178,test
179,fit
180,fit
181,fit
182,fit
183,fit
184,fit
185,fit
186,fit
187,fit
188,validation
189,fit
190,fit
191,fit
192,fit
193,validation
194,fit
195,fit
196,test
197,fit
198,test
199,fit
200,validation
201,fit
202,validation
203,fit
204,validation
205,fit
206,validation
207,fit
208,test
209,fit
210,test
211,fit
212,fit
213,fit
214,fit
215,test
216,test
217,test
218,fit
219,test
220,validation
221,fit
222,fit
223,fit
224,test
225,fit
226,test
227,fit
228,fit
229,fit
230,test
231,test
232,fit
233,test
234,test
235,fit
236,fit
237,fit
238,test
239,validation
240,validation
241,fit
242,fit
243,fit
244,fit
245,test
246,test
247,test
248,fit
249,fit
250,fit
251,fit
252,fit
253,fit
254,test
255,fit
256,fit
257,test
258,fit
259,fit
260,validation
261,fit
262,validation
263,fit
264,test
265,test
266,validation
267,fit
268,test
269,fit
270,test
271,validation
272,test
273,fit
274,fit
275,test
276,fit
277,validation
278,fit
279,test
280,fit
281,fit
282,test
283,test
284,test
285,fit
286,fit
287,fit
288,fit
289,test
290,fit
291,fit
292,fit
293,test
294,fit
295,fit
296,fit
297,test
298,fit
299,test
300,validation
301,fit
302,validation
303,fit
304,fit
305,fit
306,validation
307,fit
308,fit
309,fit
310,fit
311,test
312,fit
313,fit
314,validation
315,test
316,fit
317,validation
318,fit
319,fit
320,fit
321,fit
322,fit
323,test
324,test
325,fit
326,fit
327,fit
328,fit
329,fit
330,fit
331,fit
332,fit
333,fit
334,validation
335,validation
336,fit
337,fit
338,test
339,fit
340,validation
341,fit
342,fit
343,fit
344,fit
345,fit
346,test
347,validation
348,fit
349,fit
350,fit
351,test
352,fit
353,fit
354,fit
355,test
356,fit
357,test
358,fit
359,fit
360,fit
361,test
362,fit
363,fit
364,fit
365,test
366,fit
367,fit
368,fit
369,fit
370,validation
371,fit
372,fit
373,fit
374,fit
375,validation
376,test
377,fit
378,fit
379,fit
380,test
381,fit
382,validation
383,fit
384,test
385,fit
386,fit
387,validation
388,validation
389,fit
390,fit
391,fit
392,fit
393,fit
394,validation
395,test
396,fit
397,test
398,fit
399,validation
400,test
401,fit
402,fit
403,test
404,fit
405,fit
406,validation
407,fit
408,validation
409,validation
410,test
411,test
412,fit
413,fit
414,fit
415,fit
416,fit
417,validation
418,fit
419,fit
420,validation
421,validation
422,fit
423,fit
424,test
425,fit
426,validation
427,validation
428,fit
429,fit
430,validation
431,test
432,fit
433,validation
434,fit
435,fit
436,validation
437,fit
438,fit
439,fit
440,fit
441,test
442,fit
443,fit
444,test
445,test
446,fit
447,fit
448,fit
449,fit
450,fit
451,fit
452,fit
453,test
454,validation
455,fit
456,fit
457,fit
458,fit
459,fit
460,fit
461,validation
462,fit
463,fit
464,test
465,fit
466,test
467,fit
468,fit
469,validation
470,validation
471,test
472,fit
473,validation
474,validation
475,fit
476,test
477,validation
478,fit
479,test
480,fit
481,validation
482,fit
483,test
484,fit
485,fit
486,fit
487,test
488,fit
489,fit
490,fit
491,fit
492,fit
493,test
494,fit
495,fit
496,fit
497,fit
498,fit
499,fit
500,fit
501,fit
502,test
503,validation
504,test
505,fit
506,fit
507,fit
508,fit
509,validation
510,fit
511,test
512,test
513,fit
514,fit
515,fit
516,test
517,test
518,fit
519,fit
520,validation
521,fit
522,fit
523,test
524,validation
525,fit
526,fit
527,fit
528,test
529,fit
530,fit
531,fit
532,fit
533,fit
534,fit
535,fit
536,fit
537,fit
538,fit
539,fit
540,fit
541,fit
542,validation
543,fit
544,test
545,fit
546,validation
547,fit
548,fit
549,fit
550,fit
551,fit
552,test
553,fit
554,fit
555,fit
556,validation
557,fit
558,fit
559,test
560,validation
561,validation
562,validation
563,fit
564,test
565,fit
566,fit
567,fit
568,validation
569,fit
570,fit
571,test
572,fit
573,fit
574,test
575,fit
576,test
577,test
578,fit
579,fit
580,fit
581,fit
582,validation
583,fit
584,fit
585,fit
586,fit
587,validation
588,fit
589,fit
590,test
591,validation
592,fit
593,fit
594,validation
595,fit
596,fit
597,test
598,fit
599,fit
600,validation
601,fit
602,fit
603,fit
604,validation
605,fit
606,fit
607,fit
608,test
609,fit
610,fit
611,fit
612,validation
613,validation
614,fit
615,fit
616,fit
617,fit
618,fit
619,fit
620,fit
621,test
622,validation
623,validation
624,fit
625,validation
626,fit
627,validation
628,validation
629,fit
630,fit
631,fit
632,test
633,fit
634,fit
635,fit
636,validation
637,fit
638,test
639,validation
640,fit
641,validation
642,test
643,fit
644,fit
645,test
646,fit
647,test
648,fit
649,fit
650,validation
651,test
652,fit
653,fit
654,validation
655,fit
656,fit
657,fit
658,test
659,fit
660,validation
661,validation
662,fit
663,test
664,test
665,validation
666,test
667,fit
668,fit
669,validation
670,fit
671,fit
672,fit
673,fit
674,fit
675,fit
676,validation
677,fit
678,fit
679,test
680,test
681,fit
682,fit
683,fit
684,fit
685,fit
686,validation
687,fit
688,validation
689,fit
690,test
691,test
692,test
693,fit
694,test
695,test
696,test
697,fit
698,validation
699,fit
700,fit
701,fit
702,fit
703,fit
704,fit
705,fit
706,validation
707,fit
708,fit
709,fit
710,test
711,fit
712,fit
713,test
714,fit
715,fit
716,fit
717,test
718,test
719,test
720,fit
721,validation
722,fit
723,test
724,test
725,validation
726,fit
727,test
728,fit
729,fit
730,fit
731,fit
732,fit
733,fit
734,fit
735,validation
736,fit
737,fit
738,validation
739,fit
740,fit
741,validation
742,test
743,validation
744,fit
745,fit
746,test
747,test
748,fit
749,validation
750,test
751,fit
752,fit
753,fit
754,fit
755,fit
756,fit
757,fit
758,fit
759,fit
760,test
761,fit
762,validation
763,test
764,validation
765,fit
766,fit
767,fit
