lag,original,generated
1.000000000000000000e+00,-3.270835507404159376e-02,-3.398331317880753932e-02
2.000000000000000000e+00,-3.173563562468555838e-02,-4.612446184269474586e-02
3.000000000000000000e+00,-4.399650408712478533e-02,2.030865431099427090e-02
4.000000000000000000e+00,-3.104873129849110812e-03,-1.059834690943364799e-01
5.000000000000000000e+00,2.253722881293748412e-02,-9.214458270925743322e-02
6.000000000000000000e+00,4.695528018533039888e-02,5.254039453568574471e-03
7.000000000000000000e+00,3.297454301393350912e-02,-2.905426295511616061e-03
8.000000000000000000e+00,7.899502879137638989e-02,3.102402270524510369e-02
9.000000000000000000e+00,6.316621069974420744e-02,-7.554557815356627293e-02
1.000000000000000000e+01,-4.454876755305771374e-02,1.123290983702795454e-01
1.100000000000000000e+01,-2.489378956166291013e-02,2.137061513092958307e-03
1.200000000000000000e+01,-7.099191655435902739e-04,3.058551972387801507e-02
1.300000000000000000e+01,-1.445808788123595368e-02,4.998891797300469148e-02
1.400000000000000000e+01,-1.960975857424056626e-02,1.197206215713856985e-02
1.500000000000000000e+01,1.282011720473641772e-02,-7.880271729324447860e-02
1.600000000000000000e+01,3.043435155023989022e-02,2.950180342722742276e-03
1.700000000000000000e+01,2.262057150157300786e-02,8.895820460268733312e-03
1.800000000000000000e+01,-3.665183616308816811e-02,-6.839154855090710805e-02
1.900000000000000000e+01,1.660611648479711541e-03,6.458353024261079267e-02
2.000000000000000000e+01,-2.128965026760080634e-02,5.574053105889364285e-02
2.100000000000000000e+01,-8.813854024727818537e-02,-1.945455868099153426e-02
2.200000000000000000e+01,1.380253738063771766e-02,3.810789751638039846e-02
2.300000000000000000e+01,-3.892910122717659072e-02,-8.487433479563241678e-02
2.400000000000000000e+01,-6.209632988991269087e-02,-3.492841228305285095e-02
2.500000000000000000e+01,9.136197179433888649e-02,-9.571297908776707497e-02
2.600000000000000000e+01,4.772837705876991493e-02,-7.893367447726533370e-02
2.700000000000000000e+01,1.812250833431475888e-02,-8.859043764346845318e-02
2.800000000000000000e+01,-3.034617460159885760e-02,-3.520501824799506657e-02
2.900000000000000000e+01,-3.830816883783508958e-02,-1.259405061483092475e-02
3.000000000000000000e+01,-1.097947695600889201e-02,1.470448496718699443e-03
3.100000000000000000e+01,-3.694797305439463664e-02,3.476466433960444247e-02
3.200000000000000000e+01,2.718438205105758523e-02,1.507018876396090112e-01
3.300000000000000000e+01,3.047638275828927143e-02,-7.347029806570865018e-02
3.400000000000000000e+01,-2.186377031598045473e-02,-6.777222200374541372e-02
3.500000000000000000e+01,-4.456592739874546544e-02,-1.055205513965095689e-02
3.600000000000000000e+01,4.043848822876423138e-02,1.278138248196706434e-02
3.700000000000000000e+01,-5.042841639234921930e-02,-9.389760409761609139e-02
3.800000000000000000e+01,2.250078554045667131e-02,-9.954144535708091268e-02
3.900000000000000000e+01,3.492970634542261199e-02,9.775236778098161938e-02
4.000000000000000000e+01,1.432254127771428152e-02,6.042778460743040460e-03
4.100000000000000000e+01,6.622312467874960640e-02,3.268723391275930867e-02
4.200000000000000000e+01,1.735984694002567314e-03,-3.176682532371073123e-03
4.300000000000000000e+01,-9.109397271358764259e-02,-1.034605822451800106e-01
4.400000000000000000e+01,-5.439526420282322222e-02,4.783088464585623367e-02
4.500000000000000000e+01,1.874796451948288617e-02,2.995418714313802244e-02
4.600000000000000000e+01,-6.356835232236775213e-02,-3.734092461468089923e-03
4.700000000000000000e+01,1.469156918269281520e-01,-5.152734925650980652e-02
4.800000000000000000e+01,-1.463555491515983534e-02,-8.438017758245616728e-02
4.900000000000000000e+01,-7.703322415245578147e-02,-8.063045378252354373e-03
5.000000000000000000e+01,3.947092497516142134e-02,1.495116573637405915e-03
5.100000000000000000e+01,-2.764244878757977919e-02,1.422140993876033488e-01
5.200000000000000000e+01,9.195752224293177526e-03,9.666630434797933435e-02
5.300000000000000000e+01,8.338465950992742654e-03,6.518226081953071294e-02
5.400000000000000000e+01,-1.844138313285542327e-02,1.396986197591222438e-02
5.500000000000000000e+01,-4.538793441174751413e-03,-4.732051594708248238e-02
5.600000000000000000e+01,1.896346063597160938e-04,-4.359609854106292343e-02
5.700000000000000000e+01,4.257491467817980935e-02,-1.039384549510734002e-01
5.800000000000000000e+01,1.115741218225691361e-01,9.141786061597520496e-02
5.900000000000000000e+01,-3.343703642780190832e-02,-3.377578375015484469e-02
6.000000000000000000e+01,3.259824763017947491e-02,3.644308151842200194e-02
