i,x
1,388.73073722723774
2,122.36436339055496
3,192.42385978046303
4,107.28158389327129
5,127.82735370530034
6,408.3546686385011
7,98.89054621021185
8,701.7595776337474
9,271.81439391360277
10,320.4954934329925
11,248.02335172534512
12,224.91195357298182
13,454.215210944401
14,254.47077882330547
15,216.90657928262164
16,797.6253734366765
17,630.3530982908512
18,187.66933410519863
19,81.61053359488328
20,283.24936593557317
21,151.5103322501378
22,407.89408014857736
23,196.50012539926712
24,226.10190058519862
25,296.820066761453
26,365.89967866417624
27,126.08793960916096
28,158.1733139804689
29,169.3181451108499
30,356.99176152030975
31,51.5318205949453
32,138.94007100937398
33,314.19161734563977
34,224.76623940791234
35,55.89892718736118
36,327.76712307497064
37,375.335730392616
38,227.86161586375553
39,355.1366305222012
40,286.7413177403497
41,133.99561157809518
42,229.31356051547908
43,427.5796519704889
44,379.88380148467013
45,470.07277475710123
46,270.68980051071156
47,151.08022269670758
48,184.74179118427588
49,484.8031473211778
50,130.8094017575973
51,184.10637657715995
52,385.1051198328719
53,83.2352147605137
54,195.65674454690125
55,540.5244920386017
56,343.16788171818587
57,377.4679201906536
58,763.0582890687888
59,114.1957280012459
60,93.82869158758854
61,288.5584088514323
62,527.2063573288985
63,684.1714220054382
64,318.45739323918156
65,208.7214931097894
66,246.93208789280652
67,135.05870598078235
68,212.00109132019526
69,65.07192637130905
70,477.48731714154536
71,379.1007283254774
72,419.1806122910533
73,92.05107239041598
74,505.15934999217063
75,204.64797660269062
76,393.695577607169
77,208.3377473171555
78,131.10075713382952
79,200.34605210648334
80,220.18785541026077
81,545.3442679219139
82,298.21504684333127
83,35.333966596066375
84,185.44794327967338
85,436.5634762877021
86,162.67977861718344
87,216.15215722346178
88,249.61201762606564
89,341.69175316393586
90,203.30563183272307
91,158.91079043238744
92,79.62790353883588
93,127.99124370748665
94,395.6093779720687
95,211.19042812250598
96,336.1261218728319
97,283.7527324990608
98,105.02116918454753
99,425.36850075864334
100,102.97001833383734
101,366.03119660905475
102,340.31592031699176
103,89.40677623025819
104,86.03601711145092
105,180.5280944699497
106,156.25047183375975
107,348.9796212775168
108,26.25929918955304
109,203.6834533144709
110,102.17919882822795
111,190.51609288178926
112,235.64677760754643
113,250.73257522774867
114,124.4817945031215
115,87.9310680820343
116,321.42360626576317
117,190.79671678950294
118,86.59225729854249
119,474.0559962679106
120,108.43545068003378
121,442.9759265112251
122,314.68068213842207
123,536.3924884296293
124,220.93049742013136
125,255.22691671136863
126,135.5906165129658
127,472.4797464901121
128,679.9527332550362
129,117.46470521298471
130,59.92031507532073
131,187.1041297956901
132,251.00913706758195
133,218.439069199346
134,434.82516443016164
135,221.11042209559358
136,172.53484271505926
137,495.7110132595519
138,213.8672863334878
139,511.496427037648
140,74.01115931618281
141,206.16605378324252
142,76.46181548297547
143,47.67542915595395
144,291.17677702452175
145,134.8723033240252
146,199.1154364484397
147,530.9957828829279
148,20.670413649223192
149,284.26678006048337
150,82.11906883346356
151,376.2847615396857
152,89.20936316884558
153,422.97353373003557
154,186.37499794933927
155,275.589622317401
156,279.71092227464675
157,256.5777260229512
158,339.84848550874926
159,91.16298936540359
160,371.57228795950266
161,165.7353388003185
162,431.84785533197737
163,518.5022569316264
164,597.6748692796459
165,70.56214834030425
166,161.711696347234
167,365.92766702071486
168,377.4576175351161
169,244.57049680440883
170,380.53299535209015
171,119.7750499015032
172,218.24048797629771
173,354.8038661083934
174,200.41425382552194
175,214.707941943381
176,128.24713187599914
177,205.95740635096305
178,321.52646634498285
179,288.73933496950207
180,235.36159506521165
181,536.0350731225964
182,228.2560004747083
183,215.51690149816432
184,172.9709812385603
185,298.65735848541505
186,157.53435581019252
187,84.03211744007605
188,188.7175249358229
189,116.60437593747307
190,134.94640883037687
191,435.1141552632969
192,177.728150007066
193,134.98922638929375
194,726.6977133509595
195,37.717606599446796
196,110.9162647661596
197,416.9380434712856
198,463.3947449920259
199,445.6477983309496
200,90.02326367338028
201,111.84495600627909
202,162.30978025416906
203,234.84640082560213
204,66.95023413356986
205,177.5374219583199
206,239.54245962962358
207,291.725911845715
208,186.39378572164745
209,392.71613683829855
210,310.43986982567407
211,79.84054482734197
212,119.33915218619305
213,367.23302635699696
214,486.35828173205414
215,256.0551850002695
216,285.082985992778
217,241.71401619990274
218,193.87040170218972
219,523.790828371377
220,315.0196419471791
221,865.3327533033786
222,194.5937082267559
223,387.39636318795874
224,271.6269917213491
225,480.3844960937687
226,451.210349605518
227,332.09111879125544
228,512.8490971862583
229,122.96997606972863
230,480.0066432315133
231,330.1024860764063
232,459.8173714588795
233,184.61188525349203
234,346.98833471843756
235,460.73292823690343
236,467.9847413320195
237,77.62240387549068
238,119.58825745841665
239,309.06163789052243
240,184.82720896225106
241,371.43707688508533
242,200.06010326821254
243,208.77621431110893
244,292.37011409145134
245,264.2687418823413
246,429.0765170360126
247,867.7758449476648
248,130.81690961984725
249,184.54945804544684
250,142.39879947909134
251,291.26399274604813
252,179.83761527092958
253,79.01356619728409
254,424.139063776864
255,210.27814426747537
256,334.7508026400171
257,518.7756351166813
258,61.397898222383425
259,281.6184921872071
260,290.7748556881236
261,620.7655540282116
262,277.1688300722903
263,130.53417702164145
264,224.6911762536235
265,91.29320306855917
266,489.83729786120944
267,171.93808248286928
268,127.74069801309761
269,662.8111931353335
270,313.0457533223266
271,310.213698136448
272,92.85839116962933
273,124.30171322792503
274,323.1403686030413
275,149.17970318256215
276,80.64640048354725
277,454.9920327629958
278,332.4005723475169
279,612.4557931085468
280,572.5847427026097
281,56.08365959587456
282,329.4403542661974
283,365.6459934011835
284,126.82603233645506
285,294.07961924215846
286,1175.2574865837441
287,194.39564368997893
288,484.6249969501848
289,81.82079178347624
290,216.8304856132334
291,166.16341596586523
292,119.94525731901157
293,166.84843737976666
294,776.8574589878232
295,268.29252853274653
296,100.90005371730453
297,132.2370896071758
298,355.0124627423748
299,287.47470278036786
300,218.61940586082983
