i,y
1,47.212176668931754
2,110.13941055128203
3,412.26606657110426
4,84.03993619244946
5,495.47548332826136
6,63.790879414761498
7,81.334437957176974
8,401.16026805004242
9,460.47759966965941
10,327.15953352991096
11,735.99605485171855
12,337.43425974333479
13,484.67969957959951
14,184.75913104369656
15,269.62997590535389
16,211.79360472234157
17,501.73619701114063
18,166.58288904758223
19,263.38767222495585
20,145.89960654523514
21,235.4285747453479
22,30.750011277656952
23,238.63186699921971
24,713.86766838430913
25,129.81453226337746
26,190.37995360063115
27,586.77079170686022
28,219.96370753288221
29,329.00072853267915
30,67.76938723358333
31,367.32476150626053
32,126.36261144466528
33,417.72501256924249
34,360.77661840915016
35,210.18390180257092
36,195.87713231504162
37,387.07705665794515
38,51.401841755183113
39,245.44824249756169
40,96.815005944263703
41,183.10111176669119
42,115.29679385346293
43,208.35373988900562
44,522.01765862232969
45,511.10014135407982
46,128.79743729421034
47,104.10321443453279
48,62.463501409346009
49,351.20068661295272
50,634.75753066278378
51,61.639441547035773
52,227.58966944024755
53,193.59275277913491
54,224.88531507569454
55,360.4597321348453
56,632.14731016176358
57,206.84176928407996
58,155.96405795140907
59,215.94398448885295
60,80.14522156079893
61,389.68873074935073
62,149.16768133921843
63,711.97084771391337
64,288.26548109546195
65,165.71304426475805
66,571.24831124661773
67,138.02496184689562
68,48.838756395043589
69,421.69595639039665
70,210.935950501999
71,73.825188961616604
72,283.30738173349795
73,454.73179249469331
74,190.87790681191223
75,318.14241659368207
76,302.85040225550978
77,139.67221122304585
78,25.399339503850936
79,130.36238745423094
80,403.78123036755414
81,154.25793696597572
82,51.987278102244844
83,310.12057784875026
84,94.398392445088092
85,574.92269151968389
86,454.85964076855493
87,145.65443049393653
88,418.59862118189722
89,267.5195373485887
90,272.39712381039203
91,166.85698019985625
92,19.95557133876633
93,77.81843356144131
94,305.92031807827169
95,254.32036583050743
96,329.41310067914486
97,509.90166846304737
98,304.77492779817032
99,323.74548987034893
100,325.02145395097591
101,391.84917704830031
102,41.26128679809765
103,212.96089638810213
104,248.53469341137784
105,306.8682740864997
106,236.19366170446787
107,555.87965352443018
108,172.22958092734103
109,278.29269272037084
110,116.6601873455941
111,218.36658926374736
112,506.09136760473507
113,127.10262488985411
114,294.49330548836997
115,276.69515451055975
116,254.81731548196095
117,734.9863384702378
118,288.86048178997476
119,263.76596699619745
120,324.54080797805909
121,403.37005191722949
122,158.02376460045537
123,135.56562527686089
124,722.13294726971367
125,153.42143494918366
126,151.59725933350992
127,321.80921540391876
128,95.251982884721983
129,640.68173087781292
130,262.74570697873338
131,300.76718359482618
132,342.54372733157908
133,184.03030237450099
134,119.09805110718381
135,307.20985634906333
136,213.08012881051883
137,192.28924507209467
138,173.17629803752632
139,451.21843865839384
140,176.49250042710645
141,124.7090370426412
142,214.38102443780622
143,232.72117012648008
144,73.582449937396277
145,268.78741272807167
146,174.35591215274172
147,205.45401594640197
148,476.86725632476708
149,167.11345145688341
150,59.334099341962734
151,235.70073214252022
152,272.87215405754546
153,238.07551701951473
154,145.91514780441815
155,154.67904613092384
156,398.7888561004288
157,163.99279972267612
158,314.77600879876587
159,226.49178095157899
160,360.02955179687996
161,353.31407483988221
162,120.60255981237641
163,161.48488827718586
164,283.67325981301508
165,377.6555049649096
166,166.03984082506258
167,589.99136426653081
168,144.79392408080471
169,410.3529127658523
170,222.92666747111952
171,200.14224989557636
172,136.9597315090611
173,183.25637801011356
174,303.62805211706893
175,665.98274156637592
176,379.14047584411003
177,578.28389788625486
178,281.27124569675459
179,112.61098573865158
180,63.126847300932951
181,100.64367630269702
182,189.39227008564006
183,437.98387461980542
184,310.60436811148497
185,385.44714397502094
186,142.08045797327497
187,385.6678526164884
188,497.20419305834287
189,155.4575609531891
190,78.998599845136681
191,246.08533407259546
192,419.51509609571644
193,143.91716074290312
194,117.62442158254446
195,398.65998924269837
196,156.12490433457498
197,332.61549572306023
198,405.04537419659221
199,357.85163320514994
200,132.98324231336588
201,395.46315476948593
202,396.08556831907532
203,188.91859028865696
204,124.02931571032761
205,151.05714748973844
206,575.52158461051783
207,533.98189475072945
208,221.39668049000338
209,95.768547347503528
210,92.109445010415243
211,144.5652104376197
212,190.21564963609708
213,149.87896588533062
214,564.59048670971993
215,33.49979416701639
216,306.9682792666793
217,120.61771681443417
218,79.850853271284336
219,226.13654835215453
220,269.37723102035409
221,159.68740744929465
222,291.13596296212978
223,67.625639704580806
224,120.11867879343099
225,189.01614868208094
226,239.91715090434917
227,626.0914699856371
228,331.69867040342103
229,79.109130033672415
230,184.53018125096287
231,114.27269770562691
232,217.40060344846711
233,135.08824517505303
234,288.96383057259288
235,68.779316430271393
236,530.85811887501893
237,289.57522492101953
238,271.69438677741363
239,674.70778803688665
240,264.4573741937279
241,153.99032503832404
242,516.81530515514328
243,172.39605316591945
244,98.175533674432671
245,75.9083144701343
246,272.57424031893788
247,463.93257661391829
248,245.6276046725429
249,368.991583168749
250,112.15341179259687
251,125.0493998781326
252,335.95865761630182
253,366.89877261672359
254,118.42255683496504
255,310.76984728672778
256,767.13216246452123
257,145.75086058560944
258,266.95296800725572
259,604.5575407424069
260,282.9891833255133
261,140.26076726541271
262,235.76218303598549
263,280.75142225241547
264,179.28684238186074
265,112.4533216851007
266,110.70197304777895
267,280.58002953075436
268,30.654329930014399
269,246.34883423833867
270,155.61897259038554
271,379.02004116946159
272,244.86693286402644
273,298.77751847717781
274,343.79216230629839
275,168.29470229714283
276,102.77899773161188
277,173.52295981150979
278,183.11253930765423
279,318.21675844854457
280,146.63607445804956
281,136.87495583904871
282,123.4617210756808
283,44.323363709450959
284,86.018625106987898
285,130.82874370373872
286,484.96742905542351
287,122.58862366325353
288,457.007222931005
289,287.84777425572531
290,486.49756956135673
291,98.239943774457387
292,296.92979885200373
293,208.74475118884183
294,287.02307938156116
295,117.8026555748644
296,52.421947759703329
297,126.37092994017513
298,339.34864102551848
299,386.18355086133556
300,595.09100646670674
