series,n,mean,variance,std,cv,halfwidth90,halfwidth95,halfwidth99
original,10,273.9942577825883,36203.55658938218,190.27232218423723,0.6944390868775666,98.96984164146966,117.92984007484327,154.98608149113616
original,20,305.9489078768861,41597.034374834715,203.9535103273163,0.6666260446642523,75.01419334453179,89.38492451580566,117.47170339834045
original,50,275.908327169655,25268.5369937277,158.96080332499486,0.5761363020669197,36.97705365708516,44.06087704996147,57.90580803554384
original,100,276.94151075037615,25957.930049012404,161.1146487722715,0.5817641722821889,26.50100143880833,31.577890897547256,41.50038335386058
original,200,265.088579150173,24872.851705375215,157.71129225700744,0.5949380873465084,18.34319780138728,21.857268308211633,28.725319775217358
original,300,276.47820235696366,29298.17305090093,171.16709102774672,0.6190979598700922,16.254997212633786,19.369023835031566,25.455212222748795
generated,10,248.30557919335806,34556.906203429804,185.8948794438131,0.7486536550959045,96.69292185702048,115.21672281013072,151.420440994915
generated,20,289.2477441304269,35083.77469014421,187.3066327980518,0.647564714328738,68.89146426005111,82.0892428234966,107.88355237074647
generated,50,276.1503221137273,33677.38831566329,183.51400032603314,0.6645438575677501,42.688555259805206,50.866550974711465,66.84997969586317
generated,100,269.4766987930912,29839.00378072531,172.73969949240188,0.6410190575513706,28.413152122858463,33.856358970537954,44.49479798387599
generated,200,269.7019653137233,25892.097735896426,160.91021638136104,0.596622335303292,18.715260556849486,22.30060842598624,29.307967454363688
generated,300,262.5007011579422,25732.22375547301,160.41266706676566,0.6110942422597495,15.233696152601803,18.15206856178626,23.855861888426585
