X1,X2,X3,X4
114.77,70.15,64.95,47.74
36.73,55.19,68.92,95.06
123.57,60.29,64.48,46.68
50.05,76.89,73.77,82.60
36.52,75.71,72.21,43.82
164.70,56.69,50.45,37.92
54.56,59.09,64.04,48.63
305.38,75.06,67.24,102.33
59.72,64.13,58.21,95.77
93.70,58.40,69.20,50.49
253.35,44.16,65.67,49.66
233.38,46.80,61.03,46.58
37.65,46.28,62.47,91.69
101.07,49.16,69.17,62.59
116.12,28.67,73.82,49.50
27.13,31.33,66.70,113.00
148.65,25.84,75.25,69.55
34.78,33.54,66.86,93.13
124.91,25.40,77.85,103.45
201.55,27.58,63.15,90.34
318.71,25.57,72.79,86.10
326.12,32.21,66.04,65.10
316.03,38.86,72.13,33.91
42.42,67.88,73.46,110.43
241.91,35.96,62.43,46.31
74.28,54.61,60.03,49.25
55.71,64.49,72.07,93.63
30.26,76.19,57.23,91.04
70.58,55.71,65.59,108.79
193.53,39.65,80.72,110.46
54.57,72.77,61.36,107.30
135.72,53.89,66.85,53.82
289.44,53.37,65.94,113.84
34.88,62.92,61.92,66.54
159.63,25.09,73.31,63.07
156.71,26.82,68.70,58.28
32.19,33.67,69.20,53.49
68.24,34.10,77.60,102.43
141.41,48.14,71.58,94.52
59.45,38.97,67.66,101.24
40.82,79.61,74.88,53.41
27.67,72.89,64.09,114.14
63.44,63.04,58.22,50.06
145.54,63.16,75.25,41.94
89.76,35.63,83.17,43.96
45.76,68.40,67.08,91.68
75.26,70.55,71.47,100.26
50.83,57.99,78.70,96.07
287.05,64.07,58.21,95.71
116.52,26.11,73.28,48.31
117.80,58.50,73.87,45.41
110.01,58.36,47.76,58.12
53.66,42.88,67.31,63.56
19.97,46.30,76.19,56.18
240.58,45.68,68.23,99.40
31.47,58.16,76.77,104.94
105.47,74.95,53.94,114.95
64.03,43.72,54.20,100.74
28.34,43.82,70.33,90.59
44.83,57.16,70.28,94.96
49.73,79.18,62.86,53.14
75.51,46.08,63.07,99.49
75.14,48.61,81.24,56.90
251.14,56.85,66.53,89.94
167.08,26.27,60.02,47.08
34.56,50.05,64.11,50.99
100.86,60.83,59.45,37.94
220.78,75.71,71.76,86.37
120.46,25.91,67.41,100.17
60.80,36.01,54.76,64.97
130.73,40.13,75.61,97.84
29.05,37.02,60.01,92.52
119.60,33.95,63.49,50.22
66.16,66.94,63.57,107.60
90.77,59.92,65.89,54.54
79.81,72.31,70.43,73.32
80.62,79.04,71.23,91.21
28.96,47.14,81.32,65.47
82.34,31.36,73.48,62.46
20.15,69.32,69.05,40.09
81.79,47.12,60.72,88.73
279.98,63.59,65.72,91.85
43.29,37.08,74.96,95.65
166.44,58.52,59.95,116.79
23.65,71.02,65.71,46.42
188.10,61.52,66.42,103.59
35.70,47.75,64.96,102.21
147.84,33.83,60.98,83.12
125.87,66.23,62.94,105.37
30.76,66.12,58.88,59.89
26.34,29.00,59.02,92.51
121.09,40.18,58.24,54.13
104.46,74.09,71.58,46.19
380.89,28.79,68.40,74.55
80.10,30.19,53.52,64.44
27.64,39.57,77.68,104.92
42.58,60.86,53.51,101.07
150.26,35.54,69.05,69.44
138.28,63.20,56.77,99.26
152.20,55.66,68.85,88.47
24.44,46.11,71.35,55.91
25.72,48.91,61.85,107.42
497.16,32.08,75.48,79.57
126.72,30.08,78.69,62.15
74.86,26.01,81.72,100.87
98.57,60.93,67.10,48.36
25.99,51.39,62.14,48.74
579.58,75.70,70.58,46.64
22.28,79.85,62.03,98.73
74.93,31.91,85.21,108.20
22.09,46.91,66.51,61.19
230.06,49.82,70.88,65.22
31.31,74.19,69.04,40.30
25.77,45.42,71.96,91.46
49.14,79.62,78.32,81.80
34.41,60.36,79.88,99.85
223.36,54.58,51.23,97.91
47.06,61.44,70.91,91.76
36.87,63.18,67.57,43.05
56.43,79.51,64.07,47.74
196.50,57.07,75.71,90.48
50.89,33.83,77.08,96.20
94.73,71.85,70.16,89.72
538.43,66.91,65.20,80.39
31.19,67.95,70.87,75.53
35.09,25.14,80.54,107.65
167.54,62.14,77.15,38.69
46.68,51.42,60.25,99.96
44.05,76.20,71.53,41.67
68.15,37.59,76.15,56.81
94.17,66.99,72.91,113.53
257.63,39.26,69.23,59.10
91.54,70.57,65.24,58.03
47.84,25.79,57.65,81.15
40.49,41.12,71.07,105.28
37.16,73.13,65.42,106.89
48.54,37.86,64.26,53.21
125.22,59.02,52.30,51.08
20.01,32.06,68.46,63.05
321.77,29.64,82.10,52.59
355.39,61.85,67.28,82.69
76.32,24.99,72.82,83.02
45.63,41.17,73.02,100.27
94.08,40.82,52.35,87.56
24.02,26.83,68.92,72.82
45.37,77.33,56.36,48.39
97.19,65.03,77.34,56.34
41.65,34.95,74.48,95.72
75.36,42.59,77.67,98.31
34.52,43.96,79.07,91.87
62.96,37.86,74.04,53.05
279.63,59.10,67.38,111.77
155.43,43.86,60.39,63.60
95.92,62.98,61.97,99.47
72.44,65.77,62.53,107.47
28.09,36.38,65.89,106.32
115.67,54.32,69.43,47.61
128.05,74.21,68.77,91.52
463.58,62.77,75.79,97.13
496.43,30.49,63.11,80.62
51.10,61.89,52.99,108.69
59.12,34.22,70.71,61.58
170.34,79.07,72.03,109.07
38.21,54.84,67.73,45.91
48.28,63.76,58.95,96.71
38.46,74.77,70.29,56.90
174.19,54.64,56.73,107.76
53.51,32.52,64.07,61.39
68.76,79.36,72.16,52.69
39.56,41.56,60.72,63.08
37.21,30.23,78.49,104.32
191.56,44.26,73.74,45.21
30.99,46.48,57.59,97.50
208.54,79.14,64.11,61.64
20.08,32.46,70.39,91.33
255.09,71.43,79.64,52.19
304.71,54.38,64.68,99.99
118.66,38.43,72.97,50.80
45.10,44.28,53.29,103.85
132.17,60.95,69.71,60.56
66.49,49.42,57.58,80.07
90.28,36.82,55.38,56.92
70.98,59.12,61.00,44.72
62.87,31.57,72.80,89.05
147.60,49.59,57.78,53.47
222.68,59.37,74.13,64.36
139.39,29.21,58.83,104.95
101.61,55.16,66.60,102.51
113.98,66.95,68.48,36.96
362.81,78.70,79.00,64.39
40.60,32.43,75.35,48.17
40.45,68.28,72.82,54.87
20.76,72.11,58.94,96.77
185.48,72.69,71.54,97.47
65.35,41.06,61.53,64.10
148.14,73.05,60.12,94.08
279.48,38.81,81.59,91.83
38.68,31.92,66.55,104.87
145.07,36.25,74.10,56.66
197.12,69.20,77.22,42.78