model,feature,coefficient
M1,Intercept,41.29117835615807
M1,Hours Studied,2.774351076852477
M2,Intercept,-29.862367456514313
M2,Hours Studied,2.854823189721506
M2,Previous Scores,1.0197564058299708
M3,Intercept,-34.123870063290276
M3,Hours Studied,2.8513881090657613
M3,Previous Scores,1.0188822255603103
M3,Extracurricular Activities,0.6210684796975835
M3,Sleep Hours,0.4837005560292851
M3,Sample Question Papers Practiced,0.19130222507192424
M4 (bonus),Intercept,-34.09348621934942
M4 (bonus),Hours Studied,2.845292493656187
M4 (bonus),Previous Scores,1.0184410597198306
M4 (bonus),Extracurricular Activities,0.6209631380336088
M4 (bonus),Sleep Hours,0.48373213159251616
M4 (bonus),Sample Question Papers Practiced,0.19130589194872846
M4 (bonus),Hours x Previous Scores,8.814637513820276e-05
